{"cameraMode":{"drawMode":0,"name":"Shaded","section":"Shading Mode"},"sceneLighting":true,"audioPlay":false,"sceneViewState":{"showFog":true,"showMaterialUpdate":false,"showSkybox":true,"showFlares":true,"showImageEffects":true,"showParticleSystems":true},"in2DMode":false,"pivot":{"x":-33.417999267578128,"y":30.371910095214845,"z":8.069000244140625},"rotation":{"x":0.31018322706222536,"y":0.4352738559246063,"z":-0.1627950817346573,"w":0.82935631275177},"size":0.8660253882408142,"orthographic":false}