{"cameraMode":{"drawMode":0,"name":"Shaded","section":"Shading Mode"},"sceneLighting":true,"audioPlay":false,"sceneViewState":{"showFog":true,"showMaterialUpdate":false,"showSkybox":true,"showFlares":true,"showImageEffects":true,"showParticleSystems":true},"in2DMode":false,"pivot":{"x":14.847868919372559,"y":-23.35171127319336,"z":-7.25184440612793},"rotation":{"x":-0.17589528858661652,"y":-0.8104235529899597,"z":0.4687897861003876,"w":-0.304227352142334},"size":21.169769287109376,"orthographic":false}