{"cameraMode":{"drawMode":0,"name":"Shaded","section":"Shading Mode"},"sceneLighting":true,"audioPlay":false,"sceneViewState":{"showFog":true,"showMaterialUpdate":false,"showSkybox":true,"showFlares":true,"showImageEffects":true,"showParticleSystems":true},"in2DMode":false,"pivot":{"x":1.7551727294921876,"y":-2.7669639587402345,"z":0.5618822574615479},"rotation":{"x":0.32367226481437685,"y":0.5390172600746155,"z":-0.23565205931663514,"w":0.7411218881607056},"size":2.9219913482666017,"orthographic":false}